Team,Stadium
Arizona Cardinals,State Farm Stadium
Atlanta Falcons,Mercedes-Benz Stadium
Baltimore Ravens,M&T Bank Stadium
Buffalo Bills,Highmark Stadium
Carolina Panthers,Bank of America Stadium
Chicago Bears,Soldier Field
Cincinnati Bengals,Paycor Stadium
Cleveland Browns,Cleveland Browns Stadium
Dallas Cowboys,AT&T Stadium
Denver Broncos,Empower Field at Mile High
Detroit Lions,Ford Field
Green Bay Packers,Lambeau Field
Houston Texans,NRG Stadium
Indianapolis Colts,Lucas Oil Stadium
Jacksonville Jaguars,TIAA Bank Field
Kansas City Chiefs,GEHA Field at Arrowhead Stadium
Las Vegas Raiders,Allegiant Stadium
Los Angeles Chargers,SoFi Stadium
Los Angeles Rams,SoFi Stadium
Miami Dolphins,Hard Rock Stadium
Minnesota Vikings,U.S. Bank Stadium
New England Patriots,Gillette Stadium
New Orleans Saints,Caesars Superdome
New York Giants,MetLife Stadium
New York Jets,MetLife Stadium
Philadelphia Eagles,Lincoln Financial Field
Pittsburgh Steelers,Acrisure Stadium
San Francisco 49ers,Levi's Stadium
Seattle Seahawks,Lumen Field
Tampa Bay Buccaneers,Raymond James Stadium
Tennessee Titans,Nissan Stadium
Washington Commanders,Commanders Field